{"cameraMode":{"drawMode":0,"name":"Shaded","section":"Shading Mode"},"sceneLighting":true,"audioPlay":false,"sceneViewState":{"showFog":true,"showMaterialUpdate":true,"showSkybox":true,"showFlares":true,"showImageEffects":true,"showParticleSystems":true,"showVisualEffectGraphs":true,"m_FxEnabled":true},"in2DMode":false,"pivot":{"x":0.09147080779075623,"y":0.05677589029073715,"z":-0.3512911796569824},"rotation":{"x":-0.0560322031378746,"y":0.20723934471607209,"z":-0.01188178826123476,"w":-0.9766219854354858},"size":0.8290593028068543,"orthographic":false}